[
    {
        "id": 1,
        "title": "Yến huyết đảo thiên nhiên Khánh Hòa hộp 100g - 024",
        "description": "THÔNG TIN NỔI BẬT: Yến huyết đảo yến thiên nhiên nguyên tổ là tổ yến có màu đỏ tự nhiên. Sản phẩm Yến huyết đảo yến thiên nhiên nguyên tổ hộp 100g - MS 024 có giá trị dinh dưỡng rất cao. Nhờ vào nguồn gốc địa hóa, thành phần hóa học và khoáng vật phong phú tại những vách đá cheo leo hiểm trở, hang động dưới chân sóng vỗ quanh năm là nền tảng làm phong phú nguyên tố đa vi lượng trong tổ yến, tạo nên giá trị dinh dưỡng đặc biệt cao và mùi vị đặc trưng của tổ yến đảo thiên nhiên. Đặc biệt, chỉ có một số hang đảo thiên nhiên tại các đảo yến Khánh Hòa mới có tổ yến huyết.",
        "price": "37,800,000đ",
        "img": "../assets/image/product/yensaonguyento/yskh_024.jpg"
    },
    {
        "id": 2,
        "title": "Yến hồng đảo yến thiên nhiên Khánh Hòa hộp 100G - 026",
        "description": "THÔNG TIN NỔI BẬT: Sản phẩm Yến hồng đảo yến thiên nhiên Khánh Hòa hộp 100g (mã số: 026), bao gồm những tổ yến hồng còn nguyên tổ, màu hồng nhạt có giá trị dinh dưỡng cao. Đặc biệt, chỉ có một số hang đảo thiên nhiên tại các đảo yến Khánh Hòa có tổ yến hồng.",
        "price": "23,760,000₫",
        "img": "../assets/image/product/yensaonguyento/yskh_026.jpg"
    },
    {
        "id": 3,
        "title": "Yến huyết đảo thiên nhiên Khánh Hòa mẫu hộp quà tặng - 024S",
        "description": "THÔNG TIN NỔI BẬT: Yến huyết đảo yến thiên nhiên Khánh Hòa mẫu hộp quà tặng là tổ yến có màu sắc đỏ, màu đỏ tự nhiên của tổ yến đảo thiên nhiên. Sản phẩm Yến huyết đảo yến thiên nhiên Khánh Hòa mẫu hộp quà tặng 50g (mã số: 024S) có giá trị dinh dưỡng rất cao. Nhờ vào nguồn gốc địa hóa, thành phần hóa học và khoáng vật phong phú tại những vách đá cheo leo hiểm trở, hang động dưới chân sóng vỗ quanh năm là nền tảng làm phong phú nguyên tố đa vi lượng trong tổ yến tạo nên giá trị dinh dưỡng đặc biệt cao và mùi vị đặc trưng của tổ yến đảo thiên nhiên. Đặc biệt, chỉ có một số hang đảo thiên nhiên tại các đảo yến Khánh Hòa mới có tổ yến huyết.",
        "price": "19,170,000₫",
        "img": "../assets/image/product/yensaonguyento/_024s.jpg"
    },
    {
        "id": 4,
        "title": "Yến sao đảo yến thiên nhiên Khánh Hòa hộp 100G -TP1",
        "description": "THÔNG TIN NỔI BẬT: Yến sào đảo yến thiên nhiên Khánh Hòa (nguyên tổ) hộp TP1-100g còn gọi là Yến Thiên: là tổ yến còn nguyên, khoảng từ 17 đến 18 tổ yến/100g. Tổ yến có màu trắng theo thuộc tính tổ yến đảo thiên nhiên.",
        "price": "13,500,000₫",
        "img": "../assets/image/product/yensaonguyento/tp1_9547ae75719143bea6c155e98e1fc816.jpg"
    },
    {
        "id": 5,
        "title": "Yến hồng đảo yến thiên nhiên Khánh Hòa mẫu hộp quà tặng - 026S",
        "description": "THÔNG TIN NỔI BẬT: Yến sào đảo yến thiên nhiên Khánh Hòa nguyên tổ hồng là tổ yến có màu sắc hồng nhạt trên bề mặt của tổ yến, màu sắc hồng tự nhiên của tổ yến đảo thiên nhiên. Nhờ vào nguồn gốc địa hóa, thành phần hóa học và khoáng vật phong phú tại những vách đá, hang động làm phong phú nguyên tố đa vi lượng trong tổ yến, tạo nên giá trị dinh dưỡng đặc biệt cao và mùi vị đặc trưng của tổ yến đảo thiên nhiên. Đặc biệt, chỉ có một số hang đảo thiên nhiên tại các đảo yến Khánh Hòa có tổ yến hồng. Sản phẩm Yến sào đảo yến thiên nhiên Khánh Hòa (Yến hồng hộp quà tặng 50g - 026S) được đóng gói bao bì theo kiểu dáng quà tặng trang trọng, thích hợp làm quà biếu tặng trong những dịp lễ, Tết.",
        "price": "12,150,000đ",
        "img": "../assets/image/product/yensaonguyento/yskh_026s.webp"
    },
    {
        "id": 6,
        "title": "Yến sào đảo thiên nhiên tinh chế hộp 100G - 014",
        "description": "THÔNG TIN NỔI BẬT:Sản phẩm Yến sào đảo yến thiên nhiên tinh chế hộp 100g có mã sản phẩm 014 với trọng lượng yến 100g.Yến sào đảo yến thiên nhiên tinh chế là sản phẩm đã được làm sạch hoàn toàn từ yến đảo thiên nhiên Khánh Hòa, do Công ty Yến sào Khánh Hoà trực tiếp quản lý, khai thác, chế biến. Khi sử dụng, khách hàng đưa ngay vào chế biến, không cần phải làm sạch lại. ",
        "price": "7,128,000đ",
        "img": "../assets/image/product/yensaonguyento/014_b790244e32e145c8a21efdee64b8d456.webp"
    },
    {
        "id": 7,
        "title": "Yến sào đảo thiên nhiên tinh chế hộp 3G - 011",
        "description": "THÔNG TIN NỔI BẬT: Sản phẩm Yến sào đảo yến thiên nhiên tinh chế hộp 3g -  MS 011, mẫu hộp 3g yến. Nhằm tạo thuận lợi cho người tiêu dùng khi sử dụng, Công ty giới thiệu với khách hàng dạng hộp 3g cho 1 người sử dụng/lần, kèm theo một lượng đường phèn tinh khiết tương ứng với trọng lượng yến sào trong hộp, có hướng dẫn sử dụng được ghi rõ ràng, cụ thể và đúng cách pha chế truyền thống.",
        "price": "232,200đ",
        "img": "../assets/image/product/yensaonguyento/011_ebce11cb07a744fa8d61dbe83c2f130c.webp"
    },
    {
        "id": 8,
        "title": "Yến sào đảo thiên nhiên tinh chế hộp 50G - 015",
        "description": "THÔNG TIN NỔI BẬT: Sản phẩm Yến sào đảo yến thiên nhiên tinh chế hộp 50g có mã sản phẩm 015 với trọng lượng yến 50g. Yến sào đảo yến thiên nhiên tinh chế là sản phẩm đã được làm sạch hoàn toàn từ yến đảo thiên nhiên Khánh Hòa, do Công ty Yến sào Khánh Hoà trực tiếp quản lý, khai thác, chế biến. Khi sử dụng, khách hàng đưa ngay vào chế biến, không cần phải làm sạch lại.",
        "price": "3,564,000đ",
        "img": "../assets/image/product/yensaonguyento/014_b790244e32e145c8a21efdee64b8d456.webp"
    },
    {
        "id": 9,
        "title": "Yến sào đảo thiên nhiên tinh chế hộp 5G - 012",
        "description": "THÔNG TIN NỔI BẬT: Sản phẩm Yến sào đảo yến thiên nhiên tinh chế  làm sạch hộp 5g- MS 012, mẫu hộp 5g yến. Nhằm tạo thuận lợi cho người tiêu dùng khi sử dụng, Công ty giới thiệu với khách hàng dạng hộp 5g cho 2 người sử dụng/lần, kèm theo một lượng đường phèn tinh khiết tương ứng với trọng lượng yến sào trong hộp, có hướng dẫn sử dụng được ghi rõ ràng, cụ thể và đúng cách pha chế truyền thống.",
        "price": "378,000đ",
        "img": "../assets/image/product/yensaonguyento/011_ebce11cb07a744fa8d61dbe83c2f130c.webp"
    },
    {
        "id": 10,
        "title": "Yến sào đảo thiên nhiên tinh chế hộp quà tặng 2 hộp 3G - 011G2",
        "description": "THÔNG TIN NỔI BẬT: Sản phẩm Yến sào đảo yến thiên nhiên tinh chế hộp quà tặng( 2hộp x3g) 011G2, mẫu hộp gồm 2 hộp nhỏ, mỗi hộp nhỏ 3g, được đóng gói bao bì theo kiểu dáng quà tặng trang trọng, thích hợp làm quà biếu tặng trong những dịp lễ, Tết. Yến sào đảo yến thiên nhiên tinh chế là sản phẩm đã được làm sạch hoàn toàn từ yến đảo thiên nhiên Khánh Hòa, do Công ty Yến sào Khánh Hoà trực tiếp quản lý, khai thác, chế biến. Khi sử dụng, khách hàng đưa ngay vào chế biến, không cần phải làm sạch lại.",
        "price": "507,600đ",
        "img": "../assets/image/product/yensaonguyento/yskh_012g2_op_97485178226440bba20791aeecf4a837.webp"
    },
    {
        "id": 11,
        "title": "Yến sào đảo thiên nhiên tinh chế hộp quà tặng 2  hộp 5G - 012G2",
        "description": "THÔNG TIN NỔI BẬT: Sản phẩm Yến sào đảo yến thiên nhiên tinh chế hộp quà tặng (2hộp  x 5g ) 012G2, mẫu hộp gồm 2 hộp nhỏ, mỗi hộp nhỏ 5g, có mã sản phẩm là 012G2, được đóng gói bao bì theo kiểu dáng quà tặng trang trọng, thích hợp làm quà biếu tặng trong những dịp lễ, Tết.",
        "price": "799,200đ",
        "img": "../assets/image/product/yensaonguyento/yskh_012g2_op_97485178226440bba20791aeecf4a837.webp"
    },
    {
        "id": 12,
        "title": " Yến sào đảo thiên nhiên tinh chế mẫu hộp quà tặng 100G - 014G",
        "description": "THÔNG TIN NỔI BẬT: Yến sào đảo yến thiên nhiên tinh chế mẫu hộp quà tặng với trọng lượng yến100g - MS 014G, tặng kèm 1 thố chưng yến, được đóng gói với mẫu mã thiết kế sang trọng theo kiểu dáng hộp quà tặng, thích hợp làm quà biếu tặng trong những dịp lễ, Tết. Yến sào đảo yến thiên nhiên tinh chế là sản phẩm đã được làm sạch hoàn toàn từ yến đảo thiên nhiên Khánh Hòa, do Công ty Yến sào Khánh Hoà trực tiếp quản lý, khai thác từ các đảo yến thiên nhiên trên vùng biển Khánh Hòa. Sản phẩm không sử dụng hóa chất, hương liệu và chất bảo quản. Vì vậy sản phẩm yến đảo tinh chế của Công ty luôn giữ được giá trị bổ dưỡng với hương vị đặc trưng tự nhiên của yến sào đảo thiên nhiên.",
        "price": "7,516,800đ",
        "img": "../assets/image/product/yensaonguyento/yskh_014g.webp"
    },
    {
        "id": 13,
        "title": "Yến sào đảo thiên nhiên tinh chế mẫu hộp quà tặng 100G - 014GS",
        "description": "THÔNG TIN NỔI BẬT: Sản phẩm yến sào nguyên chất từ đảo yến thiên nhiên tinh chế mẫu hộp quà tặng 100g - MS 014GS, gồm có 100g yến tinh chế, tặng kèm 1 thố chưng yến, 1 tổ yến đảo nguyên tổ, được đóng gói với mẫu mã thiết kế sang trọng theo kiểu dáng hộp quà tặng, thích hợp làm quà biếu tặng trong những dịp lễ, Tết.",
        "price": "7,916,400đ",
        "img": "../assets/image/product/yensaonguyento/yskh_014g.webp"
    },
    {
        "id": 14,
        "title": "Yến sào đảo thiên nhiên tinh chế mẫu hộp quà tặng 3G - 011G",
        "description": "THÔNG TIN NỔI BẬT: Sản phẩm Yến sào đảo yến thiên nhiên tinh chế mẫu hộp quà tặng 3g - MS 011G, mẫu hộp gồm 5 hộp nhỏ, mỗi hộp nhỏ 3g, được đóng gói bao bì theo kiểu dáng quà tặng sang trọng, thích hợp làm quà biếu tặng trong những dịp lễ, Tết.Yến sào đảo yến thiên nhiên tinh chế là sản phẩm đã được làm sạch hoàn toàn từ yến đảo thiên nhiên Khánh Hòa, do Công ty Yến sào Khánh Hoà trực tiếp quản lý, khai thác từ các đảo yến thiên nhiên trên vùng biển Khánh Hòa. Sản phẩm không sử dụng hóa chất, hương liệu và chất bảo quản. Vì vậy sản phẩm yến đảo tinh chế của Công ty luôn giữ được giá trị bổ dưỡng với hương vị đặc trưng tự nhiên của yến sào đảo thiên nhiên.",
        "price": "1,220,400đ",
        "img": "../assets/image/product/yensaonguyento/yskh_011g_op.webp"
    },
    {
        "id": 15,
        "title": "Yến sào đảo thiên nhiên tinh chế mẫu hộp quà tặng 50G - 015G",
        "description": "THÔNG TIN NỔI BẬT: Sản phẩm Yến sào đảo yến thiên nhiên tinh chế mẫu hộp quà tặng 50g - 015G với trọng lượng yến 50g, có mã sản phẩm là 015G, tặng kèm 1 thố chưng yến, được đóng gói bao bì theo kiểu dáng quà tặng trang trọng, thích hợp làm quà biếu tặng trong những dịp lễ, Tết.",
        "price": "3,931,200đ",
        "img": "../assets/image/product/yensaonguyento/yskh_014g.webp"
    },
    {
        "id": 16,
        "title": "Hộp quà tặng Yến sào Nguyên tổ 50g Sanvinest Khánh Hòa Chính hiệu - Q150",
        "description": "THÔNG TIN NỔI BẬT: Yến sào Sanvinest Khánh Hòa.Xuất xứ:Khánh Hòa - Việt Nam.Phân loại:Tổ yến nguyên chất còn lôngTrọng lượng: 50gĐặc trưng;Màu trắng nguyên thủyHình võng tròn đều, đầy dáng.Tanh nhẹ đặc trưng (mùi biển).",
        "price": "2,308,500đ",
        "img": "../assets/image/product/yensaonguyento/q150_42b932ad40724f34a9230042878f5122.jpg"
    },
    {
        "id": 17,
        "title": "Hộp quà tặng Yến sào Sanvinest Khánh Hòa Chính hiệu. Tổ Yến sào Tinh chế 100g - Q610",
        "description": "THÔNG TIN NỔI BẬT: Yến sào Sanvinest Khánh Hòa.Xuất xứ:Khánh Hòa - Việt Nam.Phân loại:Yến sào nguyên chất đã được làm sạch - Dạng tổTrọng lượng: 100gĐặc trưng;- Màu nguyên thủy- Chế biến ngay, Không cần sơ chế lại.",
        "price": "6,796,900đ",
        "img": "../assets/image/product/sanviest/q160_7e71defed4054c8da70240dada86b807.jpg"
    },
    {
        "id": 18,
        "title": "Hộp quà tặng Yến sào Sanvinest Khánh Hòa Chính hiệu. Tổ Yến sào Tinh chế 50g - Q650",
        "description": "THÔNG TIN NỔI BẬT: Yến sào từ lâu đã được biết đến là nguồn thực phẩm bổ dưỡng diệu kỳ để tăng cường sức khỏe, tăng cường hệ miễn dịch cho cơ thể. Yến sào có tác dụng làm sạch phổi và các cơ quan hô hấp cùng các triệu chứng dị ứng, giúp tăng thể lực, làm tăng số lượng hồng cầu, huyết sắc tố, giảm thời gian đông máu, tăng cường các kích thích sinh trưởng cho các tế bào, chống lão hóa, bảo vệ da, giúp làn da sáng mịn, hồi xuân, tăng tuổi thọ.",
        "price": "3,103,650đ",
        "img": "../assets/image/product/sanviest/q650_fefa4292fffd46a5988f035460f1f458.jpg"
    },
    {
        "id": 19,
        "title": "Nước yến sào Khánh Hòa Sanvinest trẻ em lọ 62ml,  hộp 1 lọ - 2011",
        "description": "THÔNG TIN NỔI BẬT: Nước Yến sào Sanvinest Khánh Hòa dành cho trẻ em là sản phẩm được chế biến từ Yến sào kết hợp với các dưỡng chất như Taurine, L-Lysine, Palatinose, Orafti GR:Giúp tăng cường sức đề kháng cho cơ thể, cải thiện hệ miễn dịch, kích thích tiêu hóa, tăng cường trí nhớ và bổ sung một số khoáng chất cần thiết cho cơ thể như canxi, sắt, kẽm…; Hỗ trợ sự phát triển thị giác; Giúp nhuận tràng, cân bằng hệ vi sinh vật đường ruột; Giúp ăn ngon, hấp thu dinh dưỡng và canxi, hỗ trợ phát triển chiều cao; Cung cấp năng lượng ổn định cho hoạt động thể chất, trí não.",
        "price": "34,400đ",
        "img": "../assets/image/product/sanviest/2011_c5841feb5c404b46ba9976eb7b039439.jpg"
    },
    {
        "id": 20,
        "title": "Nước yến sào Khánh Hòa Sanvinest Đông Trùng Hạ Thảo lọ 70ml - 208",
        "description": "THÔNG TIN NỔI BẬT: Nước Yến sào Khánh Hòa Sanvinest Đông trùng hạ thảo là sản phẩm có hàm lượng dinh dưỡng cao được chế biến từ nguồn nguyên liệu Yến sào thiên nhiên Khánh Hòa kết hợp với đông trùng hạ thảo là dược liệu quý mang lại nhiều lợi ích cho sức khỏe của người sử dụng.",
        "price": "42,300đ",
        "img": "../assets/image/product/sanviest/untitled_0e6fde7e18f14b2b8254a91fc6a4645e.webp"
    },
    {
        "id": 21,
        "title": "Nước yến sào Khánh Hòa Sanvinest Đông Trùng Hạ Thảo lọ 70ml hộp 6 lọ- 208H6",
        "description": "THÔNG TIN NỔI BẬT: Nước Yến sào Khánh Hòa Sanvinest Đông trùng hạ thảo là sản phẩm có hàm lượng dinh dưỡng cao được chế biến từ nguồn nguyên liệu Yến sào thiên nhiên Khánh Hòa kết hợp với đông trùng hạ thảo là dược liệu quý mang lại nhiều lợi ích cho sức khỏe của người sử dụng.",
        "price": "263,200đ",
        "img": "../assets/image/product/sanviest/untitled_f80e0c02aa534b6cb7f02f43c1bdbd21.webp"
    },
    {
        "id": 22,
        "title": "Nước yến sào Khánh Hòa Sanvinest không đường lọ  70ml, hộp 6 lọ - 102H6",
        "description": "THÔNG TIN NỔI BẬT: Công dụng của Yến sào là bổ huyết, tăng sức đề kháng cho cơ thể, đẹp da, chống lão hóa, ổn định thần kinh, trí nhớ, kích thích tiêu hóa, phục hồi sức khỏe trong thời gian dưỡng bệnh.Nước Yến sào Sanvinest Khánh Hòa không đường đóng lọ là sản phẩm có giá trị bổ dưỡng, thích hợp cho mọi độ tuổi, phù hợp với người cần được bồi bổ.",
        "price": "220,000đ",
        "img": "../assets/image/product/sanviest/hop_6_lo_102_fd7dbb1807c0459288946f908705f6b9.webp"
    },
    {
        "id": 23,
        "title": "Nước yến sào Khánh Hòa Sanvinest lọ 70ml, hộp 1 lọ - 101",
        "description": "THÔNG TIN NỔI BẬT: Công dụng của Yến sào là bổ huyết, tăng sức đề kháng cho cơ thể, đẹp da, chống lão hóa, ổn định thần kinh, trí nhớ, kích thích tiêu hóa, phục hồi sức khỏe trong thời gian dưỡng bệnh. Nước Yến sào Sanvinest Khánh Hòa đóng lọ là sản phẩm có giá trị bổ dưỡng, thích hợp cho mọi độ tuổi, phù hợp với người cần được bồi bổ.",
        "price": "35,400đ",
        "img": "../assets/image/product/sanviest/101_678512918f8343ff96395b3e653a0bfe.webp"
    },
    {
        "id": 24,
        "title": "Nước yến sào Khánh Hòa Sanvinest lon 190ML - 121",
        "description": "THÔNG TIN NỔI BẬT: Nước Yến sào Sanvinest Khánh Hòa đóng lon là sản phẩm giải khát bổ dưỡng, thích hợp cho mọi độ tuổi.Nước Yến sào Sanvinest Khánh Hòa được sản xuất từ nguồn Yến sào thiên nhiên do Công ty Yến sào Khánh Hòa trực tiếp khai thác.Nước Yến sào Sanvinest Khánh Hòa được chế biến theo phương pháp cổ truyền kết hợp với khoa học công nghệ hiện đại trên dây chuyền thiết bị kỹ thuật tiên tiến của Châu Âu.",
        "price": "8,900đ",
        "img": "../assets/image/product/sanviest/121_f2553d9e10d745c2b0dba5f324cc7213.webp"
    },
    {
        "id": 25,
        "title": "Tinh chất Yến sào Khánh Hòa Sanvinest dành cho mọi lứa tuổi hộp 10 túi 20ml - TC503H10",
        "description": "THÔNG TIN NỔI BẬT: Tinh chất Yến sào Khánh Hòa Sanvinest từ tổ yến sào nguyên chất được chế biến theo bí quyết cổ truyền kết hợp với công nghệ hiện đại, hỗ trợ hấp thu dưỡng chất nhanh chóng và dễ dàng.Tinh chất Yến sào Khánh Hòa Sanvinest giúp bồi bổ sức khỏe, tăng cường sức đề kháng, giảm căng thẳng thần kinh, giải tỏa stress, cân bằng quá trình trao đổi chất, ngăn ngừa quá trình lão hóa, làm đẹp da và duy trì hoạt động thể lực.",
        "price": "380,000đ",
        "img": "../assets/image/product/sanviest/10_66b27067e1674475ae4d6035b5c15274.webp"
    },
    {
        "id": 26,
        "title": "Tinh chất Yến sào Khánh Hòa Sanvinest dành cho mọi lứa tuổi hộp 20 túi 20ml - TC503H20",
        "description": "THÔNG TIN NỔI BẬT: Tinh chất Yến sào Khánh Hòa Sanvinest từ tổ yến sào nguyên chất được chế biến theo bí quyết cổ truyền kết hợp với công nghệ hiện đại, hỗ trợ hấp thu dưỡng chất nhanh chóng và dễ dàng.Tinh chất Yến sào Khánh Hòa Sanvinest giúp bồi bổ sức khỏe, tăng cường sức đề kháng, giảm căng thẳng thần kinh, giải tỏa stress, cân bằng quá trình trao đổi chất, ngăn ngừa quá trình lão hóa, làm đẹp da và duy trì hoạt động thể lực.",
        "price": "754,000đ",
        "img": "../assets/image/product/sanviest/10_66b27067e1674475ae4d6035b5c15274.webp"
    },
    {
        "id": 27,
        "title": "Nước Yến sào Sanvinest không đường lon 190ml, hay 30 lon - 125K30",
        "description": "THÔNG TIN NỔI BẬT:  Nước, Yến sào 1,6%, đường tinh luyện, Taurine, 2’-fucosyllactose (2’-FL), chất ổn định (406, 327, 415, 401, 466), hương liệu tổng hợp dùng cho thực phẩm.Yến sào: Yến sào giúp tăng cường sức đề kháng cho cơ thể [1], kích thích tiêu hóa [2] , tăng cường trí nhớ [3,4] và bổ sung một số khoáng chất cần thiết cho cơ thể như canxi, sắt, kẽm ...[5]",
        "price": "604,000đ",
        "img": "../assets/image/product/sanviest/9_35b9d820ac674d38b3a3b83a96bb2ba8.webp"
    },
    {
        "id": 28,
        "title": "Tinh chất Yến sào Khánh Hòa Sanvinest dành cho mọi lứa tuổi hộp quà tặng 20 túi 20ml - QTC503H20",
        "description": "THÔNG TIN NỔI BẬT: Tinh chất Yến sào Khánh Hòa Sanvinest từ tổ yến sào nguyên chất được chế biến theo bí quyết cổ truyền kết hợp với công nghệ hiện đại, hỗ trợ hấp thu dưỡng chất nhanh chóng và dễ dàng.Tinh chất Yến sào Khánh Hòa Sanvinest giúp bồi bổ sức khỏe, tăng cường sức đề kháng, giảm căng thẳng thần kinh, giải tỏa stress, cân bằng quá trình trao đổi chất, ngăn ngừa quá trình lão hóa, làm đẹp da và duy trì hoạt động thể lực.",
        "price": "792,000đ",
        "img": "../assets/image/product/sanviest/9_35b9d820ac674d38b3a3b83a96bb2ba8.webp"
    },
    {
        "id": 29,
        "title": "Tinh chất Yến sào Khánh Hòa Sanvinest dành cho người cao tuổi Hộp quà tặng 15 túi 20ml - QTC502H15",
        "description": "THÔNG TIN NỔI BẬT: Tinh chất Yến sào Khánh Hòa Sanvinest từ tổ yến sào nguyên chất được chế biến theo bí quyết cổ truyền kết hợp với công nghệ hiện đại, hỗ trợ hấp thu dưỡng chất nhanh chóng và dễ dàng.Tinh chất Yến sào Khánh Hòa Sanvinest dành cho người cao tuổi giúp bồi bổ sức khỏe, tăng cường sức đề kháng, tăng cường hệ miễn dịch tự nhiên, tăng cường tuần hoàn máu não, giúp ngủ ngon, giảm mệt mỏi lo âu và hỗ trợ hệ xương khớp. Tinh chất Yến sào Khánh Hòa Sanvinest dành cho người cao tuổi được sản xuất từ nguồn Yến sào thiên nhiên Khánh Hòa kết hợp với Glucosamine, Chamomile và Ginkgo Biloba.",
        "price": "604,000đ",
        "img": "../assets/image/product/sanviest/5_af4d4860cdc14da4b99ea6df1761b00c.webp"
    },
    {
        "id": 30,
        "title": "Tinh chất Yến sào Khánh Hòa Sanvinest dành cho người cao tuổi hộp 20 túi 20ml- TC502H20",
        "description": "THÔNG TIN NỔI BẬT: Tinh chất Yến sào Khánh Hòa Sanvinest từ tổ yến sào nguyên chất được chế biến theo bí quyết cổ truyền kết hợp với công nghệ hiện đại, hỗ trợ hấp thu dưỡng chất nhanh chóng và dễ dàng.Tinh chất Yến sào Khánh Hòa Sanvinest dành cho người cao tuổi giúp bồi bổ sức khỏe, tăng cường sức đề kháng, tăng cường hệ miễn dịch tự nhiên, tăng cường tuần hoàn máu não, giúp ngủ ngon, giảm mệt mỏi lo âu và hỗ trợ hệ xương khớp. ",
        "price": "754,000đ",
        "img": "../assets/image/product/sanviest/6_2eab4c94d1a046edb89711e94a015ad7.webp"
    },
    {
        "id": 31,
        "title": "Nước Yến Sào Khánh Hòa Nhân Sâm Fucoidan 70ml, Hộp 6 Lọ - 700H6",
        "description": "THÔNG TIN NỔI BẬT: Sản phẩm Nước Yến sào Fucoidan Nhân sâm Khánh Hòa Sanest là sản phẩm được chế biến từ nguồn Yến sào đảo thiên nhiên và giữ nguyên tính năng của Yến sào đảo thiên nhiên.Yến sào là nguồn tài nguyên thiên nhiên quý hiếm, từng dùng trong các buổi Yến tiệc thời phong kiến. Thưởng thức Nước Yến sào Fucoidan Nhân sâm Khánh Hòa Sanest là đã thưởng thức một trong những tinh hoa của trời đất, tạo vật.",
        "price": "280,800đ",
        "img": "../assets/image/product/sanest/sanest_hop6lo_700_d5d0df7e74c34ad3ae33205677052db9.jpg"
    },
    {
        "id": 32,
        "title": "Nước Yến Sào Khánh Hòa Nhân Sâm Fucoidan 70ml,lọ(New) - 700",
        "description": "THÔNG TIN NỔI BẬT: Sản phẩm Nước Yến sào Fucoidan Nhân sâm Khánh Hòa Sanest là sản phẩm được chế biến từ nguồn Yến sào đảo thiên nhiên và giữ nguyên tính năng của Yến sào đảo thiên nhiên.Yến sào là nguồn tài nguyên thiên nhiên quý hiếm, từng dùng trong các buổi Yến tiệc thời phong kiến. Thưởng thức Nước Yến sào Fucoidan Nhân sâm Khánh Hòa Sanest là đã thưởng thức một trong những tinh hoa của trời đất, tạo vật.",
        "price": "44,200đ",
        "img": "../assets/image/product/sanest/sanest_lo700.jpg"
    },
    {
        "id": 33,
        "title": "Nước Yến Sào Khánh Hòa Sanest Collagen 70ml 1 lọ - 770",
        "description": "THÔNG TIN NỔI BẬT: Sản phẩm Nước Yến sào Khánh Hòa Collagen là sản phẩm được chế biến từ nguồn Yến sào đảo thiên nhiên và giữ nguyên tính năng của Yến sào đảo thiên nhiên.Yến sào nguồn tài nguyên thiên nhiên quý hiếm, từng dùng trong các buổi Yến tiệc thời phong kiến. Thưởng thức Nước Yến sào Khánh Hòa Collagen là đã thưởng thức một trong những tinh hoa của trời đất, tạo vật.",
        "price": "35,400đ",
        "img": "../assets/image/product/sanest/sanest_lo770.jpg"
    },
    {
        "id": 34,
        "title": " Nước Yến Sào Khánh Hòa Sanest Collagen 70ml hộp 6 lọ - 770H6",
        "description": "THÔNG TIN NỔI BẬT: Sản phẩm Nước Yến sào Khánh Hòa Collagen là sản phẩm được chế biến từ nguồn Yến sào đảo thiên nhiên và giữ nguyên tính năng của Yến sào đảo thiên nhiên.Yến sào nguồn tài nguyên thiên nhiên quý hiếm, từng dùng trong các buổi Yến tiệc thời phong kiến. Thưởng thức Nước Yến sào Khánh Hòa Collagen là đã thưởng thức một trong những tinh hoa của trời đất, tạo vật.",
        "price": "218,000đ",
        "img": "../assets/image/product/sanest/sanest_770hop6lo.jpg"
    },
    {
        "id": 35,
        "title": " Nước yến sào Khánh Hòa Sanest dành cho trẻ em đóng lon 190 ml, hộp 6 lon - 0162H6",
        "description": "THÔNG TIN NỔI BẬT: Thành phần sản phẩm: Nước, Yến sào 1,6%, đường tinh luyện, Taurine, 2’-fucosyllactose (2’-FL), chất ổn định (406, 327, 415, 401, 466), hương liệu tổng hợp dùng cho thực phẩm.Yến sào giúp tăng cường sức đề kháng cho cơ thể [1], kích thích tiêu hóa [2] , tăng cường trí nhớ [3,4] và bổ sung một số khoáng chất cần thiết cho cơ thể như canxi, sắt, kẽm ...[5].Taurine: Hỗ trợ cho sự tăng trưởng, phát triển thị giác, trí não [6,7]",
        "price": "53,100đ",
        "img": "../assets/image/product/sanest/a_fca85d54924b477b9977ab92f02b8d08.webp"
    },
    {
        "id": 36,
        "title": "Nước yến sào Sanest đông trùng hạ thảo 70ml, hộp 6 lọ - 005H6",
        "description": "THÔNG TIN NỔI BẬT: Sản phẩm Nước Yến sào Khánh Hòa Sanest Đông Trùng Hạ Thảo được sản xuất từ nguồn Yến sào thiên nhiên do Công ty Yến sào Khánh Hòa trực tiếp khai thác tại các đảo Yến Khánh Hòa kết hợp với Đông Trùng Hạ Thảo, đem đến cho người tiêu dùng sản phẩm bổ dưỡng cao cấp.Nước Yến sào Khánh Hòa Sanest Đông Trùng Hạ Thảo là sự hòa quyện tuyệt vời của Yến sào mang hương vị của biển và Đông Trùng Hạ Thảo đậm đà thơm ngon, ngọt thanh, hấp dẫn.",
        "price": "263,200đ",
        "img": "../assets/image/product/sanest/005h6_832cc1018d3846d4a219f0077c04ff11.webp"
    },
    {
        "id": 37,
        "title": "Nước yến sào Khánh Hòa Sanest kid lon 190ML, khay 30 lon - 0162K30",
        "description": "THÔNG TIN NỔI BẬT: Thành phần sản phẩm: Nước, Yến sào 1,6%, đường tinh luyện, Taurine, 2’-fucosyllactose (2’-FL), chất ổn định (406, 327, 415, 401, 466), hương liệu tổng hợp dùng cho thực phẩm.Yến sào giúp tăng cường sức đề kháng cho cơ thể [1], kích thích tiêu hóa [2] , tăng cường trí nhớ [3,4] và bổ sung một số khoáng chất cần thiết cho cơ thể như canxi, sắt, kẽm ...[5].Hỗ trợ cho sự tăng trưởng, phát triển thị giác, trí não [6,7]",
        "price": "257,300đ",
        "img": "../assets/image/product/sanest/12_3b4c3aff6fdf4b27b91ffff28b021376.webp"
    },
    {
        "id": 38,
        "title": "Nước yến sào Khánh Hòa Sanest kid lon 190ML, thùng 30 lon - 0162T30",
        "description": "THÔNG TIN NỔI BẬT: Thành phần sản phẩm: Nước, Yến sào 1,6%, đường tinh luyện, Taurine, 2’-fucosyllactose (2’-FL), chất ổn định (406, 327, 415, 401, 466), hương liệu tổng hợp dùng cho thực phẩm.Yến sào giúp tăng cường sức đề kháng cho cơ thể [1], kích thích tiêu hóa [2] , tăng cường trí nhớ [3,4] và bổ sung một số khoáng chất cần thiết cho cơ thể như canxi, sắt, kẽm ...[5].Hỗ trợ cho sự tăng trưởng, phát triển thị giác, trí não [6,7]",
        "price": "259,200đ",
        "img": "../assets/image/product/sanest/thung_30_-_0162_-_24-8-2020_5dbb0e1af4794d57acc4940ef4bddfb7_large_51745978569c4a68afb1fb08b5f4a5d3.webp"
    },
    {
        "id": 39,
        "title": "Nước Yến Sào Khánh Hòa Sanest không đường dành cho người cao tuổi 70ml - Hộp 6 Lọ - 096H6",
        "description": "THÔNG TIN NỔI BẬT: Sản phẩm Nước Yến sào Khánh Hòa Sanest không đường dành cho người cao tuổi là sản phẩm được chế biến từ nguồn Yến sào đảo thiên nhiên và giữ nguyên tính năng của Yến sào đảo thiên nhiên.Yến sào nguồn tài nguyên thiên nhiên quý hiếm, từng dùng trong các buổi Yến tiệc thời phong kiến. Thưởng thức Nước Yến sào Khánh Hòa Sanest không đường dành cho người cao tuổi là đã thưởng thức một trong những tinh hoa của trời đất, tạo vật.",
        "price": "220,000đ",
        "img": "../assets/image/product/sanest/caotuoikhongduong_e980982f3b734934b3bdfd77010a27f8.webp"
    },
    {
        "id": 40,
        "title": "Nước Yến Sào Khánh Hòa Sanest dành cho người cao tuổi 70ml - Hộp 6 Lọ - 095H6",
        "description": "THÔNG TIN NỔI BẬT: Sản phẩm Nước Yến sào Khánh Hòa Sanest dành cho người cao tuổi là sản phẩm được chế biến từ nguồn Yến sào đảo thiên nhiên và giữ nguyên tính năng của Yến sào đảo thiên nhiên.Yến sào nguồn tài nguyên thiên nhiên quý hiếm, từng dùng trong các buổi Yến tiệc thời phong kiến. Thưởng thức Nước Yến sào Khánh Hòa Sanest dành cho người cao tuổi là đã thưởng thức một trong những tinh hoa của trời đất, tạo vật.",
        "price": "218,000đ",
        "img": "../assets/image/product/sanest/caotuoikhongduong_e980982f3b734934b3bdfd77010a27f8.webp"
    },
    {
        "id": 41,
        "title": " Nước Yến sào Khánh Hòa Sanest không đường dành cho người cao tuổi 70 ml - Hộp 1 lọ 096",
        "description": "THÔNG TIN NỔI BẬT: Sản phẩm Nước Yến sào Khánh Hòa Sanest không đường dành cho người cao tuổi là sản phẩm được chế biến từ nguồn Yến sào đảo thiên nhiên và giữ nguyên tính năng của Yến sào đảo thiên nhiên.Yến sào nguồn tài nguyên thiên nhiên quý hiếm, từng dùng trong các buổi Yến tiệc thời phong kiến. Thưởng thức Nước Yến sào Khánh Hòa Sanest không đường dành cho người cao tuổi là đã thưởng thức một trong những tinh hoa của trời đất, tạo vật.",
        "price": "35,400đ",
        "img": "../assets/image/product/sanest/096_1c8798c49a1c4bd7955ecbc0734aa0ad.webp"
    },
    {
        "id": 42,
        "title": "Nước Yến sào Khánh Hòa Sanest dành cho người cao tuổi 70ml - Hộp 1 lọ 095",
        "description": "THÔNG TIN NỔI BẬT: Sản phẩm Nước Yến sào Khánh Hòa Sanest dành cho người cao tuổi là sản phẩm được chế biến từ nguồn Yến sào đảo thiên nhiên và giữ nguyên tính năng của Yến sào đảo thiên nhiên.Yến sào nguồn tài nguyên thiên nhiên quý hiếm, từng dùng trong các buổi Yến tiệc thời phong kiến. Thưởng thức Nước Yến sào Khánh Hòa Sanest dành cho người cao tuổi là đã thưởng thức một trong những tinh hoa của trời đất, tạo vật.",
        "price": "35,400đ",
        "img": "../assets/image/product/sanest/095_09fc5d0d843944d7a16cac2692485d34.webp"
    },
    {
        "id": 43,
        "title": "Nước Yến sào Sanvinest không đường lon 190ml, thùng 30 lon - 125T30",
        "description": "THÔNG TIN NỔI BẬT: Nước Yến sào Sanvinest Khánh Hòa không đường đóng lon là sản phẩm giải khát bổ dưỡng, thích hợp cho mọi độ tuổi.Nước Yến sào Sanvinest Khánh Hòa không đường được sản xuất từ nguồn Yến sào thiên nhiên do Công ty Yến sào Khánh Hòa trực tiếp khai thác.Nước Yến sào Sanvinest Khánh Hòa không đường được chế biến theo phương pháp cổ truyền kết hợp với khoa học công nghệ hiện đại trên dây chuyền thiết bị kỹ thuật tiên tiến của Châu Âu.",
        "price": "259,200đ",
        "img": "../assets/image/product/sanest/122t30_6c42efa35e5e472295552b34da77d0b4_large_fccf3a6883444d65b8f3cf517fbf5abe.jpg"
    },
    {
        "id": 44,
        "title": "Nước yến sào Khánh Hòa Sanest lon 190ML, hộp 12 lon - 001H12",
        "description": "THÔNG TIN NỔI BẬT: Sản phẩm Nước Yến sào Khánh Hòa Sanest (đóng lon) là sản phẩm được chế biến từ nguồn Yến sào đảo thiên nhiên và giữ nguyên tính năng của Yến sào đảo thiên nhiên.Những tính năng này đã được chứng minh qua nhiều đề tài nghiên cứu khoa học, trong đó có đề tài “Nghiên cứu chất hoạt tính sinh học trong tổ Yến Khánh Hòa” do PTS Ngô Thị Kim thuộc Viện Công nghệ sinh học - Trung tâm khoa học tự nhiên và công nghệ quốc gia làm chủ nhiệm đề tài.",
        "price": "106,100đ",
        "img": "../assets/image/product/sanest/001h12_800_538_4c80337caf954dc7af4a45bb9cfa1d9e.webp"
    },
    {
        "id": 45,
        "title": "Nước yến sào Khánh Hòa Sanest lon 190ml, khay 30 lon - 001K30",
        "description": "THÔNG TIN NỔI BẬT: Sản phẩm Nước Yến sào Khánh Hòa Sanest (đóng lon) là sản phẩm được chế biến từ nguồn Yến sào đảo thiên nhiên và giữ nguyên tính năng của Yến sào đảo thiên nhiên.Những tính năng này đã được chứng minh qua nhiều đề tài nghiên cứu khoa học, trong đó có đề tài “Nghiên cứu chất hoạt tính sinh học trong tổ Yến Khánh Hòa” do PTS Ngô Thị Kim thuộc Viện Công nghệ sinh học - Trung tâm khoa học tự nhiên và công nghệ quốc gia làm chủ nhiệm đề tài.",
        "price": "257,300đ",
        "img": "../assets/image/product/sanest/001k30.webp"
    },
    {
        "id": 46,
        "title": "TINH CHẤT YẾN SÀO THIÊN NHIÊN KHÁNH HÒA - HỘP 2 HỘP 20 GÓI 5 GRAM - 031G",
        "description": "THÔNG TIN NỔI BẬT: Sản phẩm Nước Yến sào Khánh Hòa Sanest (đóng lon) là sản phẩm được chế biến từ nguồn Yến sào đảo thiên nhiên và giữ nguyên tính năng của Yến sào đảo thiên nhiên.Những tính năng này đã được chứng minh qua nhiều đề tài nghiên cứu khoa học, trong đó có đề tài “Nghiên cứu chất hoạt tính sinh học trong tổ Yến Khánh Hòa” do PTS Ngô Thị Kim thuộc Viện Công nghệ sinh học - Trung tâm khoa học tự nhiên và công nghệ quốc gia làm chủ nhiệm đề tài.",
        "price": "1,512,000đ",
        "img": "../assets/image/product/yensaonguyento/z3955337968029_9af6618a530ffe63f805b9cc1efcb158_858ceaf95ca24c6aabfa774bb1c68873.webp"
    },
    {
        "id": 47,
        "title": "TINH CHẤT YẾN SÀO THIÊN NHIÊN KHÁNH HÒA - HỘP 20 GÓI 5 GRAM - 028",
        "description": "THÔNG TIN NỔI BẬT: Yến sào là sản vật thiên nhiên quý giá của xứ sở rừng trầm biển yến Khánh Hòa với quần thể đàn chim yến hàng Acrodramus Fuciphagus Germani lớn nhất thế giới hiện nay. Yến sào chứa protein và các axit amin không thay thế với hàm lượng cao, rất cần thiết cho phát triển cơ thể và phục hồi sức khỏe con người; Yến sào thúc đẩy cơ thể hấp thụ mạnh các dưỡng chất, tăng cường miễn dịch, chống lão hóa; Các khoáng chất: canxi, magiê, sắt… trong tổ yến rất có lợi cho thần kinh, trí nhớ, hệ tiêu hóa,…",
        "price": "702,000đ",
        "img": "../assets/image/product/yensaonguyento/z3955337939918_bd2220b255837b6cde7fa2db4593a165_3e70a906e7ba46829547df28efd6a184.webp"
    },
    {
        "id": 48,
        "title": "TINH CHẤT YẾN SÀO THIÊN NHIÊN KHÁNH HÒA - HỘP 30 GÓI 5 GRAM - 029G",
        "description": "THÔNG TIN NỔI BẬT: Yến sào là sản vật thiên nhiên quý giá của xứ sở rừng trầm biển yến Khánh Hòa với quần thể đàn chim yến hàng Acrodramus Fuciphagus Germani lớn nhất thế giới hiện nay. Yến sào chứa protein và các axit amin không thay thế với hàm lượng cao, rất cần thiết cho phát triển cơ thể và phục hồi sức khỏe con người; Yến sào thúc đẩy cơ thể hấp thụ mạnh các dưỡng chất, tăng cường miễn dịch, chống lão hóa; Các khoáng chất: canxi, magiê, sắt… trong tổ yến rất có lợi cho thần kinh, trí nhớ, hệ tiêu hóa,…",
        "price": "1,026,000đ",
        "img": "../assets/image/product/yensaonguyento/z3955337934951_9f822651ca86197d6389648ea6675180_d6e16733552440dfb769ceee93c911ad.webp"
    },
    {
        "id": 49,
        "title": "TINH CHẤT YẾN SÀO THIÊN NHIÊN KHÁNH HÒA - HỘP 5 GÓI 5 GRAM - 027",
        "description": "THÔNG TIN NỔI BẬT: Yến sào là sản vật thiên nhiên quý giá của xứ sở rừng trầm biển yến Khánh Hòa với quần thể đàn chim yến hàng Acrodramus Fuciphagus Germani lớn nhất thế giới hiện nay. Yến sào chứa protein và các axit amin không thay thế với hàm lượng cao, rất cần thiết cho phát triển cơ thể và phục hồi sức khỏe con người; Yến sào thúc đẩy cơ thể hấp thụ mạnh các dưỡng chất, tăng cường miễn dịch, chống lão hóa; Các khoáng chất: canxi, magiê, sắt… trong tổ yến rất có lợi cho thần kinh, trí nhớ, hệ tiêu hóa,…",
        "price": "162,000đ",
        "img": "../assets/image/product/yensaonguyento/027_46377142da3b4f4b9d60189e2e338950.webp"
    },
    {
        "id": 50,
        "title": "TINH CHẤT YẾN SÀO THIÊN NHIÊN KHÁNH HÒA - HỘP 6 HỘP 5 GÓI 5 GRAM - 030G",
        "description": "THÔNG TIN NỔI BẬT: Yến sào là sản vật thiên nhiên quý giá của xứ sở rừng trầm biển yến Khánh Hòa với quần thể đàn chim yến hàng Acrodramus Fuciphagus Germani lớn nhất thế giới hiện nay. Yến sào chứa protein và các axit amin không thay thế với hàm lượng cao, rất cần thiết cho phát triển cơ thể và phục hồi sức khỏe con người; Yến sào thúc đẩy cơ thể hấp thụ mạnh các dưỡng chất, tăng cường miễn dịch, chống lão hóa; Các khoáng chất: canxi, magiê, sắt… trong tổ yến rất có lợi cho thần kinh, trí nhớ, hệ tiêu hóa,…",
        "price": "1,080,000đ",
        "img": "../assets/image/product/yensaonguyento/z3955337968029_9af6618a530ffe63f805b9cc1efcb158_858ceaf95ca24c6aabfa774bb1c68873.webp"
    },
    {
        "id": 51,
        "title": "Hạt điều lạt hộp 1KG",
        "description": "THÔNG TIN NỔI BẬT: Thành phần cấu tạo: Nhân điều, dầu thực vật tinh luyện.Hướng dẫn sử dụng: Ăn liền. Đậy kín bao bì sau khi sử dụng.Để nơi khô ráo thoáng mát.",
        "price": "395,700đ",
        "img": "../assets/image/product/thucpham/hl1k.jpg"
    },
    {
        "id": 52,
        "title": "Hạt điều chiên Sanest Foods (muối) hộp 1KG",
        "description": "THÔNG TIN NỔI BẬT: Thành phần cấu tạo: Nhân điều, dầu thực vật tinh luyện.Hướng dẫn sử dụng: Ăn liền. Đậy kín bao bì sau khi sử dụng.Để nơi khô ráo thoáng mát.",
        "price": "392,800đ",
        "img": "../assets/image/product/thucpham/hop_dieu_muoi_1000g.jpg"
    },
    {
        "id": 53,
        "title": "Hạt điều chiên Sanest Foods (muối) hộp 454G - MH454",
        "description": "THÔNG TIN NỔI BẬT: Thành phần cấu tạo: Nhân điều, dầu thực vật tinh luyện.Hướng dẫn sử dụng: Ăn liền. Đậy kín bao bì sau khi sử dụng.Để nơi khô ráo thoáng mát.",
        "price": "184,600đ",
        "img": "../assets/image/product/thucpham/hop_dieu_muoi_454g.jpg"
    },
    {
        "id": 54,
        "title": "Hạt điều muối lụa hộp 400G - LM400",
        "description": "THÔNG TIN NỔI BẬT: Thành phần cấu tạo: Nhân điều, dầu thực vật tinh luyện.Hướng dẫn sử dụng: Ăn liền. Đậy kín bao bì sau khi sử dụng.Để nơi khô ráo thoáng mát.",
        "price": "159,100đ",
        "img": "../assets/image/product/thucpham/1_52144ef2d79b4fffa2a5d06e8b90d833.jpg"
    },
    {
        "id": 55,
        "title": "Nhân điều muối hộp 300G - MH300",
        "description": "THÔNG TIN NỔI BẬT: Thành phần cấu tạo: Nhân điều, dầu thực vật tinh luyện.Hướng dẫn sử dụng: Ăn liền. Đậy kín bao bì sau khi sử dụng.Để nơi khô ráo thoáng mát.",
        "price": "119,800đ",
        "img": "../assets/image/product/thucpham/hop_dieu_muoi_300g_mat_dung.webp"
    },
    {
        "id": 56,
        "title": "Hạt điều chiên muối Sanest Foods hộp 100G - MH100",
        "description": "THÔNG TIN NỔI BẬT: Thành phần cấu tạo: Nhân điều, dầu thực vật tinh luyện.Hướng dẫn sử dụng: Ăn liền. Đậy kín bao bì sau khi sử dụng.Để nơi khô ráo thoáng mát.",
        "price": "51,100đ",
        "img": "../assets/image/product/thucpham/hop_dieu_muoi_100g_1.webp"
    },
    {
        "id": 57,
        "title": "Hạt điều chiên muối Sanest Foods túi 100G - MT100",
        "description": "THÔNG TIN NỔI BẬT: Thành phần cấu tạo: Nhân điều, dầu thực vật tinh luyện.Hướng dẫn sử dụng: Ăn liền. Đậy kín bao bì sau khi sử dụng.Để nơi khô ráo thoáng mát.",
        "price": "47,200đ",
        "img": "../assets/image/product/thucpham/dieu_muoi_100g.webp"
    },
    {
        "id": 58,
        "title": "Hạt điều chiên muối Sanest Foods túi 50G - MT50",
        "description": "THÔNG TIN NỔI BẬT: Thành phần cấu tạo: Nhân điều, dầu thực vật tinh luyện.Hướng dẫn sử dụng: Ăn liền. Đậy kín bao bì sau khi sử dụng.Để nơi khô ráo thoáng mát.",
        "price": "26,600đ",
        "img": "../assets/image/product/thucpham/dieu_muoi_50g.webp"
    },
    {
        "id": 59,
        "title": "Bánh yến sào đường ăn kiêng hộp 12 cái - H12K",
        "description": "THÔNG TIN NỔI BẬT: Thành phần: Bột mì, Yến sào (2%), Chocolate, Đạm Whey, Chất xơ, Bột năng, Bột bắp, Dầu thực vật tinh luyện, Shortening, Dextrose, Bơ đậu phộng, Chất nhũ hóa Lecithin (322), Chất bảo quản Natri benzoat (211), Chất chống oxy hóa Acid citric (330), Enzym Protease (1101i).",
        "price": "90,000đ",
        "img": "../assets/image/product/thucpham/z3979830090602_8046aa557673e17f4f59258894a3aaf0_2955ab05371740aa93923b150fb29871.webp"
    },
    {
        "id": 60,
        "title": "Bánh Yến sào Sanest Cake hộp 20 cái - H20",
        "description": "THÔNG TIN NỔI BẬT: Thành phần: Bột mì, Yến sào (2%), Chocolate, Đạm Whey, Chất xơ, Bột năng, Bột bắp, Dầu thực vật tinh luyện, Shortening, Dextrose, Bơ đậu phộng, Chất nhũ hóa Lecithin (322), Chất bảo quản Natri benzoat (211), Chất chống oxy hóa Acid citric (330), Enzym Protease (1101i).",
        "price": "132,600đ",
        "img": "../assets/image/product/thucpham//z3979830080738_aecad8ceca3494d7ea7fab5d612de71d_fb6c3306867449c7978d3035861b7581.webp"
    }
]
